firstName,lastName,temporaryDisplayName,personId,teamId,jersey,isActive,pos,heightFeet,heightInches,heightMeters,weightPounds,weightKilograms,dateOfBirthUTC,nbaDebutYear,yearsPro,collegeName,lastAffiliation,country,isallStar
Jaylen,Adams,"Adams, Jaylen",1629121,1610612757,20,True,G,6,0,1.83,225,102.1,1996-05-04,2018,1,St. Bonaventure,St. Bonaventure/USA,USA,
Steven,Adams,"Adams, Steven",203500,1610612760,12,True,C,6,11,2.11,265,120.2,1993-07-20,2013,6,Pittsburgh,Pittsburgh/New Zealand,New Zealand,
Bam,Adebayo,"Adebayo, Bam",1628389,1610612748,13,True,C-F,6,9,2.06,255,115.7,1997-07-18,2017,2,Kentucky,Kentucky/USA,USA,
LaMarcus,Aldridge,"Aldridge, LaMarcus",200746,1610612759,12,True,C-F,6,11,2.11,250,113.4,1985-07-19,2006,13,Texas,Texas/USA,USA,
Kyle,Alexander,"Alexander, Kyle",1629734,1610612748,17,True,F-C,6,10,2.08,216,98.0,1996-10-21,,0,Tennessee,Tennessee/Canada,Canada,
Nickeil,Alexander-Walker,"Alexander-Walker, Nickeil",1629638,1610612740,0,True,G,6,5,1.96,205,93.0,1998-09-02,2019,0,Virginia Tech,Virginia Tech/Canada,Canada,
Grayson,Allen,"Allen, Grayson",1628960,1610612763,3,True,G,6,4,1.93,198,89.8,1995-10-08,2018,1,Duke,Duke University/USA,USA,
Jarrett,Allen,"Allen, Jarrett",1628386,1610612751,31,True,C,6,11,2.11,243,110.2,1998-04-21,2017,2,Texas,Texas/USA,USA,
Al-Farouq,Aminu,"Aminu, Al-Farouq",202329,1610612753,2,True,F,6,8,2.03,220,99.8,1990-09-21,2010,9,Wake Forest,Wake Forest/USA,USA,
Kyle,Anderson,"Anderson, Kyle",203937,1610612763,1,True,F-G,6,9,2.06,230,104.3,1993-09-20,2014,5,UCLA,UCLA/USA,USA,
Giannis,Antetokounmpo,"Antetokounmpo, Giannis",203507,1610612749,34,True,F,6,11,2.11,242,109.8,1994-12-06,2013,6, ,Filathlitikos/Greece,Greece,
Kostas,Antetokounmpo,"Antetokounmpo, Kostas",1628961,1610612747,37,True,F,6,10,2.08,200,90.7,1997-11-20,2018,1,University of Dayton,University of Dayton/Greece,Greece,
Thanasis,Antetokounmpo,"Antetokounmpo, Thanasis",203648,1610612749,43,True,F,6,6,1.98,219,99.3,1992-07-18,2015,1, ,Panathinaikos/Greece,Greece,
Carmelo,Anthony,"Anthony, Carmelo",2546,1610612757,00,True,F,6,8,2.03,238,108.0,1984-05-29,2003,16,Syracuse,Syracuse/USA,USA,
OG,Anunoby,"Anunoby, OG",1628384,1610612761,3,True,F,6,7,2.01,232,105.2,1997-07-17,2017,2,Indiana,Indiana/United Kingdom,United Kingdom,
Ryan,Arcidiacono,"Arcidiacono, Ryan",1627853,1610612741,51,True,G,6,3,1.9,195,88.5,1994-03-26,2017,2,Villanova,Villanova/USA,USA,
Trevor,Ariza,"Ariza, Trevor",2772,1610612757,8,True,F,6,8,2.03,215,97.5,1985-06-30,2004,15,UCLA,UCLA/USA,USA,
D.J.,Augustin,"Augustin, D.J.",201571,1610612753,14,True,G,5,11,1.8,183,83.0,1987-11-10,2008,11,Texas,Texas/USA,USA,
Deandre,Ayton,"Ayton, Deandre",1629028,1610612756,22,True,C,6,11,2.11,250,113.4,1998-07-23,2018,1,Arizona,University of Arizona/Bahamas,Bahamas,
Dwayne,Bacon,"Bacon, Dwayne",1628407,1610612766,7,True,G-F,6,6,1.98,221,100.2,1995-08-30,2017,2,Florida State,Florida State/USA,USA,
Marvin,Bagley III,"Bagley III, Marvin",1628963,1610612758,35,True,F,6,11,2.11,235,106.6,1999-03-14,2018,1,Duke,Duke University/USA,USA,
Lonzo,Ball,"Ball, Lonzo",1628366,1610612740,2,True,G,6,6,1.98,190,86.2,1997-10-27,2017,2,UCLA,UCLA/USA,USA,
Mo,Bamba,"Bamba, Mo",1628964,1610612753,5,True,C,7,0,2.13,231,104.8,1998-05-12,2018,1,University of Texas at Austin,University of Texas at Austin/USA,USA,
J.J.,Barea,"Barea, J.J.",200826,1610612742,5,True,G,5,10,1.78,180,81.6,1984-06-26,2006,13,Northeastern,Northeastern/Puerto Rico,Puerto Rico,
Harrison,Barnes,"Barnes, Harrison",203084,1610612758,40,True,F,6,8,2.03,225,102.1,1992-05-30,2012,7,North Carolina,North Carolina/USA,USA,
RJ,Barrett,"Barrett, RJ",1629628,1610612752,9,True,F-G,6,6,1.98,214,97.1,2000-06-14,2019,0,Duke,Duke/Canada,Canada,
Will,Barton,"Barton, Will",203115,1610612743,5,True,G,6,5,1.96,181,82.1,1991-01-06,2012,7,Memphis,Memphis/USA,USA,
Keita,Bates-Diop,"Bates-Diop, Keita",1628966,1610612743,6,True,F,6,8,2.03,229,103.9,1996-01-23,2018,1,Ohio State,Ohio State University/USA,USA,
Nicolas,Batum,"Batum, Nicolas",201587,1610612766,5,True,G-F,6,9,2.06,230,104.3,1988-12-14,2008,11, ,Le Mans/France,France,
Aron,Baynes,"Baynes, Aron",203382,1610612756,46,True,C-F,6,10,2.08,260,117.9,1986-12-09,2012,7,Washington State,Washington State/Australia,Australia,
Kent,Bazemore,"Bazemore, Kent",203145,1610612758,26,True,G-F,6,4,1.93,195,88.5,1989-07-01,2012,7,Old Dominion,Old Dominion/USA,USA,
Darius,Bazley,"Bazley, Darius",1629647,1610612760,7,True,F-G,6,8,2.03,208,94.3,2000-06-12,2019,0, ,Princeton HS (OH)/USA,USA,
Bradley,Beal,"Beal, Bradley",203078,1610612764,3,True,G,6,3,1.9,207,93.9,1993-06-28,2012,7,Florida,Florida/USA,USA,
Malik,Beasley,"Beasley, Malik",1627736,1610612750,5,True,G,6,4,1.93,187,84.8,1996-11-26,2016,3,Florida State,Florida State/USA,USA,
Marco,Belinelli,"Belinelli, Marco",201158,1610612759,18,True,G,6,5,1.96,220,99.8,1986-03-25,2007,12, ,Fortitudo Bologna/Italy,Italy,
Jordan,Bell,"Bell, Jordan",1628395,1610612739,2,True,F,6,8,2.03,216,98.0,1995-01-07,2017,2,Oregon,Oregon/USA,USA,
DeAndre',Bembry,"Bembry, DeAndre'",1627761,1610612737,95,True,G-F,6,5,1.96,210,95.3,1994-07-04,2016,3,,St. Joseph's (PA)/USA,USA,
Davis,Bertans,"Bertans, Davis",202722,1610612764,42,True,F,6,10,2.08,225,102.1,1992-11-12,2016,3, ,Baskonia (Spain)/Latvia,Latvia,
Patrick,Beverley,"Beverley, Patrick",201976,1610612746,21,True,G,6,1,1.85,180,81.6,1988-07-12,2012,7,Arkansas,Arkansas/USA,USA,
Khem,Birch,"Birch, Khem",203920,1610612753,24,True,C,6,9,2.06,233,105.7,1992-09-28,2017,2,UNLV,Nevada-Las Vegas/Canada,Canada,
Goga,Bitadze,"Bitadze, Goga",1629048,1610612754,88,True,C-F,6,11,2.11,250,113.4,1999-07-20,2019,0, ,Mega Basket (Serbia)/Georgia,Georgia,
Bismack,Biyombo,"Biyombo, Bismack",202687,1610612766,8,True,C,6,8,2.03,255,115.7,1992-08-28,2011,8, ,Baloncesto Fuenlabrada/DRC,Democratic Republic of the Congo,
Nemanja,Bjelica,"Bjelica, Nemanja",202357,1610612758,88,True,F,6,10,2.08,234,106.1,1988-05-09,2015,4, ,Fenerbahce Ulker/Serbia,Serbia,
Eric,Bledsoe,"Bledsoe, Eric",202339,1610612749,6,True,G,6,1,1.85,214,97.1,1989-12-09,2010,9,Kentucky,Kentucky/USA,USA,
Bogdan,Bogdanovic,"Bogdanovic, Bogdan",203992,1610612758,8,True,G,6,6,1.98,220,99.8,1992-08-18,2017,2, ,Fenerbahce (Turkey)/Serbia,Serbia,
Bojan,Bogdanovic,"Bogdanovic, Bojan",202711,1610612762,44,True,F,6,8,2.03,226,102.5,1989-04-18,2014,5, ,Fenerbahce (Turkey)/Croatia,Croatia,
Bol,Bol,"Bol, Bol",1629626,1610612743,10,True,C-F,7,2,2.18,220,99.8,1999-11-16,,0,Oregon,Oregon/Sudan,Sudan,
Jordan,Bone,"Bone, Jordan",1629648,1610612765,18,True,G,6,3,1.9,180,81.6,1997-11-05,2019,0,Tennessee,University of Tennessee/USA,USA,
Isaac,Bonga,"Bonga, Isaac",1629067,1610612764,17,True,G,6,8,2.03,180,81.6,1999-11-08,2018,1, ,Skyliners Frankfurt/Germany,Germany,
Devin,Booker,"Booker, Devin",1626164,1610612756,1,True,G,6,5,1.96,206,93.4,1996-10-30,2015,4,Kentucky,Kentucky/USA,USA,
Chris,Boucher,"Boucher, Chris",1628449,1610612761,25,True,F-C,6,9,2.06,200,90.7,1993-01-11,2017,2,Oregon,Oregon/Canada,Canada,
Brian,Bowen II,"Bowen II, Brian",1628968,1610612754,10,True,F-G,6,6,1.98,190,86.2,1998-10-02,2019,0, ,Miami (FL)/USA,USA,
Ky,Bowman,"Bowman, Ky",1629065,1610612744,12,True,G,6,1,1.85,187,84.8,1997-06-16,2019,0,Boston College,Boston College/USA,USA,
Avery,Bradley,"Bradley, Avery",202340,1610612747,11,True,G,6,3,1.9,180,81.6,1990-11-26,2010,9,Texas,Texas/USA,USA,
Tony,Bradley,"Bradley, Tony",1628396,1610612762,13,True,C-F,6,10,2.08,248,112.5,1998-01-08,2017,2,North Carolina,North Carolina/USA,USA,
Jarrell,Brantley,"Brantley, Jarrell",1629714,1610612762,5,True,F,6,5,1.96,250,113.4,1996-06-07,2019,0,College of Charleston,College of Charleston/USA,USA,
Ignas,Brazdeikis,"Brazdeikis, Ignas",1629649,1610612752,17,True,F,6,6,1.98,221,100.2,1999-01-08,2019,0,Michigan,Michigan/Lithuania,Lithuania,
Corey,Brewer,"Brewer, Corey",201147,1610612758,33,True,G-F,6,9,2.06,188,85.3,1986-03-05,2007,12,Florida,Florida/USA,USA,
Mikal,Bridges,"Bridges, Mikal",1628969,1610612756,25,True,F,6,6,1.98,209,94.8,1996-08-30,2018,1,Villanova,Villanova University/USA,USA,
Miles,Bridges,"Bridges, Miles",1628970,1610612766,0,True,F,6,6,1.98,225,102.1,1998-03-21,2018,1,Michigan State,Michigan State University/USA,USA,
Oshae,Brissett,"Brissett, Oshae",1629052,1610612761,12,True,F-G,6,7,2.01,210,95.3,1998-06-20,2019,0,Syracuse,Syracuse University/Canada,Canada,
Ryan,Broekhoff,"Broekhoff, Ryan",1629151,1610612755,45,True,G-F,6,6,1.98,215,97.5,1990-08-23,2018,1,Valparaiso,Valparaiso/Australia,Australia,
Malcolm,Brogdon,"Brogdon, Malcolm",1627763,1610612754,7,True,G,6,5,1.96,229,103.9,1992-12-11,2016,3,Virginia,Virginia/USA,USA,
Dillon,Brooks,"Brooks, Dillon",1628415,1610612763,24,True,G-F,6,7,2.01,225,102.1,1996-01-22,2017,2,Oregon,Oregon/Canada,Canada,
Bruce,Brown,"Brown, Bruce",1628971,1610612765,6,True,G-F,6,4,1.93,202,91.6,1996-08-15,2018,1,Miami,University of Miami/USA,USA,
Jaylen,Brown,"Brown, Jaylen",1627759,1610612738,7,True,G-F,6,6,1.98,223,101.2,1996-10-24,2016,3,California,California/USA,USA,
Moses,Brown,"Brown, Moses",1629650,1610612757,4,True,C,7,2,2.18,245,111.1,1999-10-13,2019,0,UCLA,UCLA/USA,USA,
Sterling,Brown,"Brown, Sterling",1628425,1610612749,23,True,G-F,6,5,1.96,219,99.3,1995-02-10,2017,2,Southern Methodist,Southern Methodist/USA,USA,
Charles,Brown Jr.,"Brown Jr., Charles",1629718,1610612737,4,True,G,6,6,1.98,199,90.3,1997-02-02,2019,0,,USA/USA,USA,
Troy,Brown Jr.,"Brown Jr., Troy",1628972,1610612764,6,True,G-F,6,6,1.98,215,97.5,1999-07-28,2018,1,Oregon,University of Oregon/USA,USA,
Jalen,Brunson,"Brunson, Jalen",1628973,1610612742,13,True,G,6,1,1.85,190,86.2,1996-08-31,2018,1,Villanova,Villanova University/USA,USA,
Thomas,Bryant,"Bryant, Thomas",1628418,1610612764,13,True,C-F,6,10,2.08,248,112.5,1997-07-31,2017,2,Indiana,Indiana/USA,USA,
Reggie,Bullock,"Bullock, Reggie",203493,1610612752,25,True,G-F,6,6,1.98,205,93.0,1991-03-16,2013,6,North Carolina,North Carolina/USA,USA,
Trey,Burke,"Burke, Trey",203504,1610612742,23,True,G,6,0,1.83,185,83.9,1992-11-12,2013,6,Michigan,Michigan/USA,USA,
Alec,Burks,"Burks, Alec",202692,1610612755,20,True,G,6,6,1.98,214,97.1,1991-07-20,2011,8,Colorado,Colorado/USA,USA,
Deonte,Burton,"Burton, Deonte",1629126,1610612760,30,True,G-F,6,4,1.93,240,108.9,1994-01-31,2018,1,Iowa State,Iowa State/USA,USA,
Jimmy,Butler,"Butler, Jimmy",202710,1610612748,22,True,F,6,7,2.01,230,104.3,1989-09-14,2011,8,Marquette,Marquette/USA,USA,
Bruno,Caboclo,"Caboclo, Bruno",203998,1610612745,5,True,F,6,9,2.06,218,98.9,1995-09-21,2014,5,Brazil,Pinheiros/Brazil,Brazil,
Devontae,Cacok,"Cacok, Devontae",1629719,1610612747,12,True,F,6,8,2.03,240,108.9,1996-10-08,,0,UNC-Wilmington,North Carolina-Wilmington/USA,USA,
Kentavious,Caldwell-Pope,"Caldwell-Pope, Kentavious",203484,1610612747,1,True,G,6,5,1.96,204,92.5,1993-02-18,2013,6,Georgia,Georgia/USA,USA,
Vlatko,Cancar,"Cancar, Vlatko",1628427,1610612743,31,True,F,6,8,2.03,236,107.0,1997-04-10,2019,0, ,San Pablo Burgos (Spain)/Slovenia,Slovenia,
Clint,Capela,"Capela, Clint",203991,1610612737,17,True,C,6,10,2.08,240,108.9,1994-05-18,2014,5,Switzerland,Elan Chalon (France)/Switzerland,Switzerland,
DeMarre,Carroll,"Carroll, DeMarre",201960,1610612745,9,True,F,6,6,1.98,215,97.5,1986-07-27,2009,10,Missouri,Missouri/USA,USA,
Jevon,Carter,"Carter, Jevon",1628975,1610612756,4,True,G,6,1,1.85,200,90.7,1995-09-14,2018,1,West Virginia,West Virginia University/USA,USA,
Vince,Carter,"Carter, Vince",1713,1610612737,15,True,G-F,6,6,1.98,220,99.8,1977-01-26,1998,21,North Carolina,North Carolina/USA,USA,
Wendell,Carter Jr.,"Carter Jr., Wendell",1628976,1610612741,34,True,C-F,6,9,2.06,270,122.5,1999-04-16,2018,1,Duke,Duke University/USA,USA,
Michael,Carter-Williams,"Carter-Williams, Michael",203487,1610612753,7,True,G,6,5,1.96,190,86.2,1991-10-10,2013,6,Syracuse,Syracuse/USA,USA,
Alex,Caruso,"Caruso, Alex",1627936,1610612747,4,True,G,6,5,1.96,186,84.4,1994-02-28,2017,2,Texas A&M,Texas A&M/USA,USA,
Willie,Cauley-Stein,"Cauley-Stein, Willie",1626161,1610612742,33,True,C,7,0,2.13,240,108.9,1993-08-18,2015,4,Kentucky,Kentucky/USA,USA,
Tyson,Chandler,"Chandler, Tyson",2199,1610612745,19,True,C,7,0,2.13,235,106.6,1982-10-02,2001,18,No College,Dominguez HS (CA)/USA,USA,
Wilson,Chandler,"Chandler, Wilson",201163,1610612751,21,True,F,6,8,2.03,235,106.6,1987-05-10,2007,11,DePaul,DePaul/USA,USA,
Zylan,Cheatham,"Cheatham, Zylan",1629597,1610612740,45,True,F,6,5,1.96,220,99.8,1995-11-17,2019,0,Arizona State,Arizona State/USA,USA,
Chris,Chiozza,"Chiozza, Chris",1629185,1610612751,4,True,G,5,11,1.8,175,79.4,1995-11-21,2018,1,Florida,University of Florida/USA,USA,
Marquese,Chriss,"Chriss, Marquese",1627737,1610612744,32,True,F,6,9,2.06,240,108.9,1997-07-02,2016,3,Washington,Washington/USA,USA,
Gary,Clark,"Clark, Gary",1629109,1610612753,12,True,F,6,6,1.98,225,102.1,1994-11-16,2018,1,Cincinnati,University of Cincinnati/USA,USA,
Brandon,Clarke,"Clarke, Brandon",1629634,1610612763,15,True,F-G,6,8,2.03,215,97.5,1996-09-19,2019,0,Gonzaga,Gonzaga/Canada,Canada,
Jordan,Clarkson,"Clarkson, Jordan",203903,1610612762,00,True,G,6,4,1.93,194,88.0,1992-06-07,2014,5,Missouri,Missouri/USA,USA,
Nicolas,Claxton,"Claxton, Nicolas",1629651,1610612751,33,True,F-C,6,11,2.11,215,97.5,1999-04-17,2019,0,Georgia,Georgia/USA,USA,
Chris,Clemons,"Clemons, Chris",1629598,1610612745,3,True,G,5,9,1.75,180,81.6,1997-07-23,2019,0,Campbell University,Campbell University/USA,USA,
Antonius,Cleveland,"Cleveland, Antonius",1628499,1610612742,3,True,G,6,5,1.96,195,88.5,1994-02-02,2017,1,S.E. Missouri,Southeast Missouri State/USA,USA,
Amir,Coffey,"Coffey, Amir",1629599,1610612746,7,True,G-F,6,7,2.01,210,95.3,1997-06-17,2019,0,Minnesota,University of Minnesota/USA,USA,
John,Collins,"Collins, John",1628381,1610612737,20,True,F,6,9,2.06,235,106.6,1997-09-23,2017,2,Wake Forest,Wake Forest/USA,USA,
Zach,Collins,"Collins, Zach",1628380,1610612757,33,True,F-C,6,11,2.11,250,113.4,1997-11-19,2017,2,Gonzaga,Gonzaga/USA,USA,
Mike,Conley,"Conley, Mike",201144,1610612762,10,True,G,6,1,1.85,175,79.4,1987-10-11,2007,12,Ohio State,Ohio State/USA,USA,
Pat,Connaughton,"Connaughton, Pat",1626192,1610612749,24,True,G,6,5,1.96,209,94.8,1993-01-06,2015,4,Notre Dame,Notre Dame/USA,USA,
Quinn,Cook,"Cook, Quinn",1626188,1610612747,28,True,G,6,1,1.85,180,81.6,1993-03-23,2016,3,Duke,Duke/USA,USA,
Tyler,Cook,"Cook, Tyler",1629076,1610612743,25,True,F,6,8,2.03,255,115.7,1997-09-23,2019,0,Iowa,University of Iowa/USA,USA,
Robert,Covington,"Covington, Robert",203496,1610612745,33,True,F,6,7,2.01,209,94.8,1990-12-14,2013,6,Tennessee State,Tennessee State/USA,USA,
Torrey,Craig,"Craig, Torrey",1628470,1610612743,3,True,F,6,7,2.01,221,100.2,1990-12-19,2017,2,South Carolina Upstate,South Carolina Upstate/USA,USA,
Jae,Crowder,"Crowder, Jae",203109,1610612748,99,True,F,6,6,1.98,235,106.6,1990-07-06,2012,7,Marquette,Marquette/USA,USA,
Jarrett,Culver,"Culver, Jarrett",1629633,1610612750,23,True,G-F,6,6,1.98,195,88.5,1999-02-20,2019,0,Texas Tech,Texas Tech University/USA,USA,
Seth,Curry,"Curry, Seth",203552,1610612742,30,True,G,6,2,1.88,185,83.9,1990-08-23,2013,5,Duke,Duke/USA,USA,
Stephen,Curry,"Curry, Stephen",201939,1610612744,30,True,G,6,3,1.9,185,83.9,1988-03-14,2009,10,Davidson,Davidson/USA,USA,
Troy,Daniels,"Daniels, Troy",203584,1610612743,30,True,G,6,4,1.93,200,90.7,1991-07-15,2013,6,Va Commonwealth,Virginia Commonwealth/USA,USA,
Anthony,Davis,"Davis, Anthony",203076,1610612747,3,True,F-C,6,10,2.08,253,114.8,1993-03-11,2012,7,Kentucky,Kentucky/USA,USA,
Ed,Davis,"Davis, Ed",202334,1610612762,17,True,C-F,6,9,2.06,218,98.9,1989-06-05,2010,9,North Carolina,North Carolina/USA,USA,
Terence,Davis,"Davis, Terence",1629056,1610612761,0,True,G,6,4,1.93,201,91.2,1997-05-16,2019,0,Mississippi,University of Mississippi/USA,USA,
Dewayne,Dedmon,"Dedmon, Dewayne",203473,1610612737,14,True,C,7,0,2.13,245,111.1,1989-08-12,2013,6,USC,USC/USA,USA,
Matthew,Dellavedova,"Dellavedova, Matthew",203521,1610612739,18,True,G,6,3,1.9,200,90.7,1990-09-08,2013,6,St. Mary's (CA),St. Mary's (CA)/Australia,Australia,
DeMar,DeRozan,"DeRozan, DeMar",201942,1610612759,10,True,G-F,6,6,1.98,220,99.8,1989-08-07,2009,10,USC,USC/USA,USA,
Cheick,Diallo,"Diallo, Cheick",1627767,1610612756,14,True,F-C,6,8,2.03,219,99.3,1996-09-13,2016,3,Kansas,Kansas/Mali,Mali,
Hamidou,Diallo,"Diallo, Hamidou",1628977,1610612760,6,True,G,6,5,1.96,202,91.6,1998-07-31,2018,1,Kentucky,University of Kentucky/USA,USA,
Gorgui,Dieng,"Dieng, Gorgui",203476,1610612763,14,True,C,6,10,2.08,252,114.3,1990-01-18,2013,6,Louisville,Louisville/Senegal,Senegal,
Spencer,Dinwiddie,"Dinwiddie, Spencer",203915,1610612751,26,True,G,6,5,1.96,215,97.5,1993-04-06,2014,5,Colorado,Colorado/USA,USA,
Donte,DiVincenzo,"DiVincenzo, Donte",1628978,1610612749,0,True,G,6,4,1.93,203,92.1,1997-01-31,2018,1,Villanova,Villanova University/USA,USA,
Luka,Doncic,"Doncic, Luka",1629029,1610612742,77,True,F-G,6,7,2.01,230,104.3,1999-02-28,2018,1, ,Real Madrid/Slovenia,Slovenia,
Luguentz,Dort,"Dort, Luguentz",1629652,1610612760,5,True,G,6,3,1.9,215,97.5,1999-04-19,2019,0,Arizona State,Arizona State University/Canada,Canada,
Damyean,Dotson,"Dotson, Damyean",1628422,1610612752,21,True,G,6,5,1.96,210,95.3,1994-05-06,2017,2,Houston,Houston/USA,USA,
Sekou,Doumbouya,"Doumbouya, Sekou",1629635,1610612765,45,True,F,6,8,2.03,230,104.3,2000-12-23,2019,0, ,Limoges (France)/Guinea,Guinea,
PJ,Dozier,"Dozier, PJ",1628408,1610612743,35,True,G-F,6,6,1.98,205,93.0,1996-10-25,2017,2,South Carolina,South Carolina/USA,USA,
Goran,Dragic,"Dragic, Goran",201609,1610612748,7,True,G,6,3,1.9,190,86.2,1986-05-06,2008,11, ,Union Olimpija/Slovenia,Slovenia,
Andre,Drummond,"Drummond, Andre",203083,1610612739,3,True,C,6,10,2.08,279,126.6,1993-08-10,2012,7,Connecticut,Connecticut/USA,USA,
Jared,Dudley,"Dudley, Jared",201162,1610612747,10,True,F,6,6,1.98,237,107.5,1985-07-10,2007,12,Boston College,Boston College/USA,USA,
Kris,Dunn,"Dunn, Kris",1627739,1610612741,32,True,G,6,3,1.9,205,93.0,1994-03-18,2016,3,Providence,Providence/USA,USA,
Kevin,Durant,"Durant, Kevin",201142,1610612751,7,True,F,6,10,2.08,240,108.9,1988-09-29,2007,12,Texas,Texas/USA,USA,
Carsen,Edwards,"Edwards, Carsen",1629035,1610612738,4,True,G,5,11,1.8,200,90.7,1998-03-12,2019,0,Purdue,Purdue University/USA,USA,
Wayne,Ellington,"Ellington, Wayne",201961,1610612752,2,True,G,6,4,1.93,207,93.9,1987-11-29,2009,10,North Carolina,North Carolina/USA,USA,
Joel,Embiid,"Embiid, Joel",203954,1610612755,21,True,C-F,7,0,2.13,280,127.0,1994-03-16,2016,3,Kansas,Kansas/Cameroon,Cameroon,
James,Ennis III,"Ennis III, James",203516,1610612753,11,True,F,6,6,1.98,215,97.5,1990-07-01,2014,5,Cal State-Long Beach,Long Beach State/USA,USA,
Drew,Eubanks,"Eubanks, Drew",1629234,1610612759,14,True,F-C,6,9,2.06,245,111.1,1997-02-01,2018,1,Oregon State,Oregon State/USA,USA,
Jacob,Evans,"Evans, Jacob",1628980,1610612750,12,True,G-F,6,4,1.93,210,95.3,1997-06-18,2018,1,Cincinnati,University of Cincinnati/USA,USA,
Dante,Exum,"Exum, Dante",203957,1610612739,1,True,G,6,5,1.96,214,97.1,1995-07-13,2014,4, ,Australian Institute of Sport/Australia,Australia,
Tacko,Fall,"Fall, Tacko",1629605,1610612738,99,True,C,7,5,2.26,311,141.1,1995-12-10,2019,0,Central Florida,Central Florida/Senegal,Senegal,
Derrick,Favors,"Favors, Derrick",202324,1610612740,22,True,F,6,9,2.06,265,120.2,1991-07-15,2010,9,Georgia Tech,Georgia Tech/USA,USA,
Cristiano,Felicio,"Felicio, Cristiano",1626245,1610612741,6,True,F-C,6,10,2.08,270,122.5,1992-07-07,2015,4, ,Flamengo/Brazil,Brazil,
Terrance,Ferguson,"Ferguson, Terrance",1628390,1610612760,23,True,G,6,6,1.98,190,86.2,1998-05-17,2017,2, ,Adelaide (Australia)/USA,USA,
Bruno,Fernando,"Fernando, Bruno",1628981,1610612737,24,True,F-C,6,9,2.06,240,108.9,1998-08-15,2019,0,Maryland,Maryland/Angola,Angola,
Yogi,Ferrell,"Ferrell, Yogi",1627812,1610612758,3,True,G,6,0,1.83,178,80.7,1993-05-09,2016,3,Indiana,Indiana/USA,USA,
Dorian,Finney-Smith,"Finney-Smith, Dorian",1627827,1610612742,10,True,F,6,7,2.01,220,99.8,1993-05-04,2016,3,Florida,Florida/USA,USA,
Bryn,Forbes,"Forbes, Bryn",1627854,1610612759,11,True,G,6,2,1.88,205,93.0,1993-07-23,2016,3,Michigan State,Michigan State/USA,USA,
Evan,Fournier,"Fournier, Evan",203095,1610612753,10,True,G-F,6,7,2.01,205,93.0,1992-10-29,2012,7, ,Poitiers Basket 86/France,France,
De'Aaron,Fox,"Fox, De'Aaron",1628368,1610612758,5,True,G,6,3,1.9,185,83.9,1997-12-20,2017,2,Kentucky,Kentucky/USA,USA,
Michael,Frazier,"Frazier, Michael",1626187,1610612745,21,True,G,6,3,1.9,200,90.7,1994-03-08,2019,0,Florida,Florida/USA,USA,
Melvin,Frazier Jr.,"Frazier Jr., Melvin",1628982,1610612753,35,True,G-F,6,5,1.96,215,97.5,1996-08-30,2018,1,Tulane,Tulane University/USA,USA,
Markelle,Fultz,"Fultz, Markelle",1628365,1610612753,20,True,G,6,3,1.9,209,94.8,1998-05-29,2017,2,Washington,Washington/USA,USA,
Wenyen,Gabriel,"Gabriel, Wenyen",1629117,1610612757,35,True,F,6,9,2.06,205,93.0,1997-03-26,2019,0,Kentucky,Kentucky/Sudan,Sudan,
Daniel,Gafford,"Gafford, Daniel",1629655,1610612741,12,True,F-C,6,10,2.08,234,106.1,1998-10-01,2019,0,Arkansas,University of Arkansas/USA,USA,
Danilo,Gallinari,"Gallinari, Danilo",201568,1610612760,8,True,F,6,10,2.08,233,105.7,1988-08-08,2008,10, ,Olimpia Milano/Italy,Italy,
Langston,Galloway,"Galloway, Langston",204038,1610612765,9,True,G,6,1,1.85,200,90.7,1991-12-09,2014,5, ,St. Joseph's (PA)/USA,USA,
Darius,Garland,"Garland, Darius",1629636,1610612739,10,True,G,6,1,1.85,192,87.1,2000-01-26,2019,0,Vanderbilt,Vanderbilt University/USA,USA,
Marc,Gasol,"Gasol, Marc",201188,1610612761,33,True,C,6,11,2.11,255,115.7,1985-01-29,2008,11, ,FC Barcelona/Spain,Spain,
Rudy,Gay,"Gay, Rudy",200752,1610612759,22,True,F-G,6,8,2.03,250,113.4,1986-08-17,2006,13,Connecticut,Connecticut/USA,USA,
Paul,George,"George, Paul",202331,1610612746,13,True,F,6,8,2.03,220,99.8,1990-05-02,2010,9,Fresno State,Fresno State/USA,USA,
Taj,Gibson,"Gibson, Taj",201959,1610612752,67,True,F,6,9,2.06,232,105.2,1985-06-24,2009,10,USC,USC/USA,USA,
Harry,Giles III,"Giles III, Harry",1628385,1610612758,20,True,F-C,6,11,2.11,240,108.9,1998-04-22,2018,1,Duke,Duke/USA,USA,
Shai,Gilgeous-Alexander,"Gilgeous-Alexander, Shai",1628983,1610612760,2,True,G-F,6,5,1.96,180,81.6,1998-07-12,2018,1,Kentucky,University of Kentucky/Canada,Canada,
Rudy,Gobert,"Gobert, Rudy",203497,1610612762,27,True,C,7,1,2.16,258,117.0,1992-06-26,2013,6,France,Cholet/France,France,
Brandon,Goodwin,"Goodwin, Brandon",1629164,1610612737,0,True,G,6,0,1.83,180,81.6,1995-10-02,2018,1,Florida Gulf Coast,Florida Gulf Coast/USA,USA,
Aaron,Gordon,"Gordon, Aaron",203932,1610612753,00,True,F,6,8,2.03,235,106.6,1995-09-16,2014,5,Arizona,Arizona/USA,USA,
Eric,Gordon,"Gordon, Eric",201569,1610612745,10,True,G,6,3,1.9,215,97.5,1988-12-25,2008,11,Indiana,Indiana/USA,USA,
Devonte',Graham,"Graham, Devonte'",1628984,1610612766,4,True,G,6,1,1.85,195,88.5,1995-02-22,2018,1,Kansas,University of Kansas/USA,USA,
Treveon,Graham,"Graham, Treveon",1626203,1610612737,2,True,G-F,6,5,1.96,219,99.3,1993-10-28,2016,3,Va Commonwealth,Virginia Commonwealth/USA,USA,
Jerami,Grant,"Grant, Jerami",203924,1610612743,9,True,F,6,8,2.03,210,95.3,1994-03-12,2014,5,Syracuse,Syracuse/USA,USA,
Jerian,Grant,"Grant, Jerian",1626170,1610612764,22,True,G,6,4,1.93,198,89.8,1992-10-09,2015,4,Notre Dame,Notre Dame/USA,USA,
Josh,Gray,"Gray, Josh",1627982,1610612740,5,True,G,6,0,1.83,180,81.6,1993-09-09,2017,1,Louisiana State,Louisiana State/USA,USA,
Danny,Green,"Green, Danny",201980,1610612747,14,True,G,6,6,1.98,215,97.5,1987-06-22,2009,10,North Carolina,North Carolina/USA,USA,
Draymond,Green,"Green, Draymond",203110,1610612744,23,True,F,6,6,1.98,230,104.3,1990-03-04,2012,7,Michigan State,Michigan State/USA,USA,
JaMychal,Green,"Green, JaMychal",203210,1610612746,4,True,F-C,6,8,2.03,227,103.0,1990-06-21,2014,5,Alabama,Alabama/USA,USA,
Javonte,Green,"Green, Javonte",1629750,1610612738,43,True,G-F,6,4,1.93,205,93.0,1993-07-23,2019,0,Radford University,Radford/USA,USA,
Jeff,Green,"Green, Jeff",201145,1610612745,32,True,F,6,8,2.03,235,106.6,1986-08-28,2007,11,Georgetown,Georgetown/USA,USA,
Blake,Griffin,"Griffin, Blake",201933,1610612765,23,True,F,6,9,2.06,250,113.4,1989-03-16,2010,9,Oklahoma,Oklahoma/USA,USA,
Marko,Guduric,"Guduric, Marko",1629741,1610612763,23,True,G,6,6,1.98,201,91.2,1995-03-08,2019,0, ,Fenerbahce (Turkey)/Serbia,Serbia,
Kyle,Guy,"Guy, Kyle",1629657,1610612758,7,True,G,6,1,1.85,167,75.8,1997-08-11,2019,0,Virginia,University of Virginia/USA,USA,
Rui,Hachimura,"Hachimura, Rui",1629060,1610612764,8,True,F,6,8,2.03,230,104.3,1998-02-08,2019,0,Gonzaga,Gonzaga/Japan,Japan,
Devon,Hall,"Hall, Devon",1628985,1610612760,22,True,G,6,5,1.96,215,97.5,1995-07-07,2019,0,Virginia,Virginia/USA,USA,
Tim,Hardaway Jr.,"Hardaway Jr., Tim",203501,1610612742,11,True,G-F,6,5,1.96,205,93.0,1992-03-16,2013,6,Michigan,Michigan/USA,USA,
James,Harden,"Harden, James",201935,1610612745,13,True,G,6,5,1.96,220,99.8,1989-08-26,2009,10,Arizona State,Arizona State/USA,USA,
Maurice,Harkless,"Harkless, Maurice",203090,1610612752,3,True,F-G,6,7,2.01,220,99.8,1993-05-11,2012,7,"St. John's, N.Y.",St. John's (N.Y.)/USA,USA,
Jared,Harper,"Harper, Jared",1629607,1610612752,12,True,G,5,10,1.78,175,79.4,1997-09-14,2019,0,Auburn,Auburn University/USA,USA,
Montrezl,Harrell,"Harrell, Montrezl",1626149,1610612746,5,True,F-C,6,7,2.01,240,108.9,1994-01-26,2015,4,Louisville,Louisville/USA,USA,
Gary,Harris,"Harris, Gary",203914,1610612743,14,True,G,6,4,1.93,210,95.3,1994-09-14,2014,5,Michigan State,Michigan State/USA,USA,
Joe,Harris,"Harris, Joe",203925,1610612751,12,True,G-F,6,6,1.98,220,99.8,1991-09-06,2014,5,Virginia,Virginia/USA,USA,
Tobias,Harris,"Harris, Tobias",202699,1610612755,12,True,F,6,8,2.03,226,102.5,1992-07-15,2011,8,Tennessee,Tennessee/USA,USA,
Shaquille,Harrison,"Harrison, Shaquille",1627885,1610612741,3,True,G,6,7,2.01,190,86.2,1993-10-06,2017,2,Tulsa,Tulsa/USA,USA,
Josh,Hart,"Hart, Josh",1628404,1610612740,3,True,G,6,5,1.96,215,97.5,1995-03-06,2017,2,Villanova,Villanova/USA,USA,
Udonis,Haslem,"Haslem, Udonis",2617,1610612748,40,True,F,6,8,2.03,235,106.6,1980-06-09,2003,16,Florida,Florida/USA,USA,
Jaxson,Hayes,"Hayes, Jaxson",1629637,1610612740,10,True,C-F,6,11,2.11,220,99.8,2000-05-23,2019,0,Texas,Texas/USA,USA,
Gordon,Hayward,"Hayward, Gordon",202330,1610612738,20,True,F,6,7,2.01,225,102.1,1990-03-23,2010,9,Butler,Butler/USA,USA,
John,Henson,"Henson, John",203089,1610612765,31,True,F-C,6,9,2.06,219,99.3,1990-12-28,2012,7,North Carolina,North Carolina/USA,USA,
Dewan,Hernandez,"Hernandez, Dewan",1629608,1610612761,20,True,C-F,6,10,2.08,235,106.6,1996-12-09,2019,0,Miami,University of Miami/USA,USA,
Juancho,Hernangomez,"Hernangomez, Juancho",1627823,1610612750,41,True,F,6,9,2.06,214,97.1,1995-09-28,2016,3, ,Estudiantes/Spain,Spain,
Willy,Hernangomez,"Hernangomez, Willy",1626195,1610612766,9,True,C-F,6,11,2.11,250,113.4,1994-05-27,2016,3, ,Cajasol Sevilla/Spain,Spain,
Tyler,Herro,"Herro, Tyler",1629639,1610612748,14,True,G,6,5,1.96,195,88.5,2000-01-20,2019,0,Kentucky,University of Kentucky/USA,USA,
Kevin,Hervey,"Hervey, Kevin",1628987,1610612760,15,True,F,6,9,2.06,230,104.3,1996-07-09,2019,0,Texas-Arlington,Texas-Arlington/USA,USA,
Mario,Hezonja,"Hezonja, Mario",1626209,1610612757,44,True,F-G,6,8,2.03,220,99.8,1995-02-25,2015,4, ,FC Barcelona/Croatia,Croatia,
Buddy,Hield,"Hield, Buddy",1627741,1610612758,24,True,G,6,4,1.93,220,99.8,1992-12-17,2016,3,Oklahoma,Oklahoma/Bahamas,Bahamas,
George,Hill,"Hill, George",201588,1610612749,3,True,G,6,3,1.9,188,85.3,1986-05-04,2008,11,,IUPUI/USA,USA,
Solomon,Hill,"Hill, Solomon",203524,1610612748,44,True,F,6,6,1.98,226,102.5,1991-03-18,2013,6,Arizona,Arizona/USA,USA,
Jaylen,Hoard,"Hoard, Jaylen",1629658,1610612757,6,True,F,6,8,2.03,216,98.0,1999-03-30,2019,0,Wake Forest,Wake Forest University/France,France,
Aaron,Holiday,"Holiday, Aaron",1628988,1610612754,3,True,G,6,0,1.83,185,83.9,1996-09-30,2018,1,UCLA,UCLA/USA,USA,
Jrue,Holiday,"Holiday, Jrue",201950,1610612740,11,True,G,6,3,1.9,205,93.0,1990-06-12,2009,10,UCLA,UCLA/USA,USA,
Justin,Holiday,"Holiday, Justin",203200,1610612754,8,True,F-G,6,6,1.98,180,81.6,1989-04-05,2012,6,Washington,Washington/USA,USA,
Rondae,Hollis-Jefferson,"Hollis-Jefferson, Rondae",1626178,1610612761,4,True,F,6,6,1.98,217,98.4,1995-01-03,2015,4,Arizona,Arizona/USA,USA,
Richaun,Holmes,"Holmes, Richaun",1626158,1610612758,22,True,F,6,10,2.08,235,106.6,1993-10-15,2015,4,Bowling Green,Bowling Green State/USA,USA,
Rodney,Hood,"Hood, Rodney",203918,1610612757,5,True,G-F,6,8,2.03,208,94.3,1992-10-20,2014,5,Duke,Duke/USA,USA,
Al,Horford,"Horford, Al",201143,1610612755,42,True,C-F,6,9,2.06,240,108.9,1986-06-03,2007,12,Florida,Florida/Domincan Republic,Dominican Republic,
Talen,Horton-Tucker,"Horton-Tucker, Talen",1629659,1610612747,5,True,G,6,4,1.93,234,106.1,2000-11-25,2019,0,Iowa State,Iowa State University/USA,USA,
Danuel,House Jr.,"House Jr., Danuel",1627863,1610612745,4,True,F-G,6,6,1.98,220,99.8,1993-06-07,2016,3,Texas A&M,Texas A&M/USA,USA,
Dwight,Howard,"Howard, Dwight",2730,1610612747,39,True,C-F,6,10,2.08,265,120.2,1985-12-08,2004,15, ,SW Atlanta Christian Academy (GA)/USA,USA,
William,Howard,"Howard, William",1629739,1610612745,52,True,F-G,6,8,2.03,207,93.9,1993-10-25,2019,0, ,Limoges/France,France,
Kevin,Huerter,"Huerter, Kevin",1628989,1610612737,3,True,G-F,6,7,2.01,190,86.2,1998-08-27,2018,1,Maryland,"University of Maryland, College Par/USA",USA,
De'Andre,Hunter,"Hunter, De'Andre",1629631,1610612737,12,True,F-G,6,7,2.01,225,102.1,1997-12-02,2019,0,Virginia,University of Virginia/USA,USA,
Chandler,Hutchison,"Hutchison, Chandler",1628990,1610612741,15,True,F-G,6,7,2.01,210,95.3,1996-04-26,2018,1,Boise State,Boise State University/USA,USA,
Serge,Ibaka,"Ibaka, Serge",201586,1610612761,9,True,F,7,0,2.13,235,106.6,1989-09-18,2009,10, ,Ricoh Manresa/Democratic Republic of the Congo,Democratic Republic of the Congo,
Andre,Iguodala,"Iguodala, Andre",2738,1610612748,28,True,G-F,6,6,1.98,215,97.5,1984-01-28,2004,15,Arizona,Arizona/USA,USA,
Ersan,Ilyasova,"Ilyasova, Ersan",101141,1610612749,7,True,F,6,9,2.06,235,106.6,1987-05-15,2006,11, ,FC Barcelona/Turkey,Turkey,
Joe,Ingles,"Ingles, Joe",204060,1610612762,2,True,F-G,6,7,2.01,220,99.8,1987-10-02,2014,5, ,Maccabi Tel Aviv (Israel)/Australia,Australia,
Brandon,Ingram,"Ingram, Brandon",1627742,1610612740,14,True,F,6,7,2.01,190,86.2,1997-09-02,2016,3,Duke,Duke/USA,USA,
Kyrie,Irving,"Irving, Kyrie",202681,1610612751,11,True,G,6,2,1.88,195,88.5,1992-03-23,2011,8,Duke,Duke/Australia,Australia,
Jonathan,Isaac,"Isaac, Jonathan",1628371,1610612753,1,True,F,6,11,2.11,230,104.3,1997-10-03,2017,2,Florida State,Florida State/USA,USA,
Wes,Iwundu,"Iwundu, Wes",1628411,1610612753,25,True,F,6,6,1.98,195,88.5,1994-12-20,2017,2,Kansas State,Kansas State/USA,USA,
Frank,Jackson,"Jackson, Frank",1628402,1610612740,15,True,G,6,3,1.9,205,93.0,1998-05-04,2018,1,Duke,Duke/USA,USA,
Josh,Jackson,"Jackson, Josh",1628367,1610612763,20,True,G-F,6,8,2.03,207,93.9,1997-02-10,2017,2,Kansas,Kansas/USA,USA,
Justin,Jackson,"Jackson, Justin",1628382,1610612742,44,True,F,6,7,2.01,220,99.8,1995-03-28,2017,2,North Carolina,North Carolina/USA,USA,
Reggie,Jackson,"Jackson, Reggie",202704,1610612746,1,True,G,6,3,1.9,208,94.3,1990-04-16,2011,8,Boston College,Boston College/USA,USA,
Jaren,Jackson Jr.,"Jackson Jr., Jaren",1628991,1610612763,13,True,F-C,6,11,2.11,242,109.8,1999-09-15,2018,1,Michigan State,Michigan State University/USA,USA,
Justin,James,"James, Justin",1629713,1610612758,10,True,G-F,6,7,2.01,190,86.2,1997-01-24,2019,0,Wyoming,Wyoming/USA,USA,
LeBron,James,"James, LeBron",2544,1610612747,23,True,F,6,9,2.06,250,113.4,1984-12-30,2003,16, ,St. Vincent-St. Mary HS (OH)/USA,USA,
DaQuan,Jeffries,"Jeffries, DaQuan",1629610,1610612758,19,True,G-F,6,5,1.96,230,104.3,1997-08-30,2019,0,Tulsa,University of Tulsa/USA,USA,
Ty,Jerome,"Jerome, Ty",1629660,1610612756,10,True,G-F,6,5,1.96,195,88.5,1997-07-08,2019,0,Virginia,University of Virginia/USA,USA,
Alize,Johnson,"Johnson, Alize",1628993,1610612754,24,True,F,6,7,2.01,212,96.2,1996-04-22,2018,1,Missouri State,Missouri State University/USA,USA,
BJ,Johnson,"Johnson, BJ",1629168,1610612753,13,True,F,6,7,2.01,200,90.7,1995-12-21,2018,1,La Salle,La Salle/USA,USA,
Cameron,Johnson,"Johnson, Cameron",1629661,1610612756,23,True,F,6,8,2.03,210,95.3,1996-03-03,2019,0,North Carolina,University of North Carolina at Cha/USA,USA,
James,Johnson,"Johnson, James",201949,1610612750,16,True,F,6,7,2.01,240,108.9,1987-02-20,2009,10,Wake Forest,Wake Forest/USA,USA,
Keldon,Johnson,"Johnson, Keldon",1629640,1610612759,3,True,F-G,6,5,1.96,220,99.8,1999-10-11,2019,0,Kentucky,University of Kentucky/USA,USA,
Stanley,Johnson,"Johnson, Stanley",1626169,1610612761,5,True,F-G,6,6,1.98,242,109.8,1996-05-29,2015,4,Arizona,Arizona/USA,USA,
Tyler,Johnson,"Johnson, Tyler",204020,1610612751,8,True,G,6,3,1.9,186,84.4,1992-05-07,2014,5,Fresno State,Fresno State/USA,USA,
Nikola,Jokic,"Jokic, Nikola",203999,1610612743,15,True,C,7,0,2.13,284,128.8,1995-02-19,2015,4, ,Mega Basket/Serbia,Serbia,
Damian,Jones,"Jones, Damian",1627745,1610612737,30,True,C,6,11,2.11,245,111.1,1995-06-30,2016,3,Vanderbilt,Vanderbilt/USA,USA,
Tyus,Jones,"Jones, Tyus",1626145,1610612763,21,True,G,6,0,1.83,196,88.9,1996-05-10,2015,4,Duke,Duke/USA,USA,
Derrick,Jones Jr.,"Jones Jr., Derrick",1627884,1610612748,5,True,F,6,6,1.98,210,95.3,1997-02-15,2016,3,UNLV,Nevada-Las Vegas/USA,USA,
DeAndre,Jordan,"Jordan, DeAndre",201599,1610612751,6,True,C,6,11,2.11,265,120.2,1988-07-21,2008,11,Texas A&M,Texas A&M/USA,USA,
Cory,Joseph,"Joseph, Cory",202709,1610612758,9,True,G,6,3,1.9,200,90.7,1991-08-20,2011,8,Texas,Texas/Canada,Canada,
Mfiondu,Kabengele,"Kabengele, Mfiondu",1629662,1610612746,25,True,F-C,6,9,2.06,250,113.4,1997-08-14,2019,0,Florida State,Florida State/Canada,Canada,
Frank,Kaminsky,"Kaminsky, Frank",1626163,1610612756,8,True,F-C,7,0,2.13,240,108.9,1993-04-04,2015,4,Wisconsin,Wisconsin/USA,USA,
Enes,Kanter,"Kanter, Enes",202683,1610612738,11,True,C,6,10,2.08,250,113.4,1992-05-20,2011,8, ,Fenerbahce Ulker/Turkey,Turkey,
Luke,Kennard,"Kennard, Luke",1628379,1610612765,5,True,G,6,5,1.96,206,93.4,1996-06-24,2017,2,Duke,Duke/USA,USA,
Michael,Kidd-Gilchrist,"Kidd-Gilchrist, Michael",203077,1610612742,9,True,F,6,6,1.98,232,105.2,1993-09-26,2012,7,Kentucky,Kentucky/USA,USA,
Louis,King,"King, Louis",1629663,1610612765,14,True,F,6,7,2.01,205,93.0,1999-04-06,2019,0,Oregon,University of Oregon/USA,USA,
Maxi,Kleber,"Kleber, Maxi",1628467,1610612742,42,True,F,6,10,2.08,240,108.9,1992-01-29,2017,2, ,Bayern Munich/Germany,Germany,
Brandon,Knight,"Knight, Brandon",202688,1610612765,20,True,G,6,2,1.88,182,82.6,1991-12-02,2011,7,Kentucky,Kentucky/USA,USA,
Kevin,Knox II,"Knox II, Kevin",1628995,1610612752,20,True,F,6,7,2.01,215,97.5,1999-08-11,2018,1,Kentucky,University of Kentucky/USA,USA,
John,Konchar,"Konchar, John",1629723,1610612763,46,True,G,6,5,1.96,210,95.3,1996-03-22,2019,0,,Fort Wayne/USA,USA,
Furkan,Korkmaz,"Korkmaz, Furkan",1627788,1610612755,30,True,G-F,6,7,2.01,202,91.6,1997-07-24,2017,2, ,Anadolu Efes/Turkey,Turkey,
Luke,Kornet,"Kornet, Luke",1628436,1610612741,2,True,F-C,7,2,2.18,250,113.4,1995-07-15,2017,2,Vanderbilt,Vanderbilt/USA,USA,
Kyle,Korver,"Korver, Kyle",2594,1610612749,26,True,G-F,6,7,2.01,212,96.2,1981-03-17,2003,16,Creighton,Creighton/USA,USA,
Rodions,Kurucs,"Kurucs, Rodions",1629066,1610612751,00,True,F,6,9,2.06,228,103.4,1998-02-05,2018,1, ,FC Barcelona (Spain)/Latvia,Latvia,
Kyle,Kuzma,"Kuzma, Kyle",1628398,1610612747,0,True,F,6,8,2.03,221,100.2,1995-07-24,2017,2,Utah,Utah/USA,USA,
Skal,Labissiere,"Labissiere, Skal",1627746,1610612737,7,True,F-C,6,10,2.08,235,106.6,1996-03-18,2016,3,Kentucky,Kentucky/Haiti,Haiti,
Jeremy,Lamb,"Lamb, Jeremy",203087,1610612754,26,True,G-F,6,5,1.96,180,81.6,1992-05-30,2012,7,Connecticut,Connecticut/USA,USA,
Romeo,Langford,"Langford, Romeo",1629641,1610612738,45,True,G-F,6,4,1.93,216,98.0,1999-10-25,2019,0,Indiana,Indiana University/USA,USA,
Zach,LaVine,"LaVine, Zach",203897,1610612741,8,True,G-F,6,6,1.98,200,90.7,1995-03-10,2014,5,UCLA,UCLA/USA,USA,
Vic,Law,"Law, Vic",1629724,1610612753,23,True,F,6,7,2.01,201,91.2,1995-12-19,2019,0,Northwestern,Northwestern/USA,USA,
Jake,Layman,"Layman, Jake",1627774,1610612750,10,True,F,6,8,2.03,209,94.8,1994-03-07,2016,3,Maryland,Maryland/USA,USA,
TJ,Leaf,"Leaf, TJ",1628388,1610612754,22,True,F,6,10,2.08,222,100.7,1997-04-30,2017,2,UCLA,UCLA/USA,USA,
Jalen,Lecque,"Lecque, Jalen",1629665,1610612756,0,True,G,6,4,1.93,185,83.9,2000-06-13,2019,0, ,Brewster Academy (NH)/USA,USA,
Courtney,Lee,"Lee, Courtney",201584,1610612742,1,True,G,6,5,1.96,215,97.5,1985-10-03,2008,11,Western Kentucky,Western Kentucky/USA,USA,
Damion,Lee,"Lee, Damion",1627814,1610612744,1,True,G-F,6,5,1.96,210,95.3,1992-10-21,2017,2,Louisville,Louisville/USA,USA,
Alex,Len,"Len, Alex",203458,1610612758,25,True,C,7,0,2.13,250,113.4,1993-06-16,2013,6,Maryland,Maryland/Ukraine,Ukraine,
Kawhi,Leonard,"Leonard, Kawhi",202695,1610612746,2,True,F,6,7,2.01,225,102.1,1991-06-29,2011,8,San Diego State,San Diego State/USA,USA,
Meyers,Leonard,"Leonard, Meyers",203086,1610612748,0,True,F-C,7,0,2.13,260,117.9,1992-02-27,2012,7,Illinois,Illinois/USA,USA,
Caris,LeVert,"LeVert, Caris",1627747,1610612751,22,True,G,6,6,1.98,205,93.0,1994-08-25,2016,3,Michigan,Michigan/USA,USA,
Damian,Lillard,"Lillard, Damian",203081,1610612757,0,True,G,6,2,1.88,195,88.5,1990-07-15,2012,7,Weber State,Weber State/USA,USA,
Nassir,Little,"Little, Nassir",1629642,1610612757,9,True,F-G,6,5,1.96,220,99.8,2000-02-11,2019,0,North Carolina,University of North Carolina at Cha/USA,USA,
Kevon,Looney,"Looney, Kevon",1626172,1610612744,5,True,F,6,9,2.06,222,100.7,1996-02-06,2015,4,UCLA,UCLA/USA,USA,
Brook,Lopez,"Lopez, Brook",201572,1610612749,11,True,C,7,0,2.13,282,127.9,1988-04-01,2008,11,Stanford,Stanford/USA,USA,
Robin,Lopez,"Lopez, Robin",201577,1610612749,42,True,C,7,0,2.13,281,127.5,1988-04-01,2008,11,Stanford,Stanford/USA,USA,
Kevin,Love,"Love, Kevin",201567,1610612739,0,True,F-C,6,8,2.03,251,113.9,1988-09-07,2008,11,UCLA,UCLA/USA,USA,
Kyle,Lowry,"Lowry, Kyle",200768,1610612761,7,True,G,6,0,1.83,196,88.9,1986-03-25,2006,13,Villanova,Villanova/USA,USA,
Timothe,Luwawu-Cabarrot,"Luwawu-Cabarrot, Timothe",1627789,1610612751,9,True,G-F,6,7,2.01,220,99.8,1995-05-09,2016,3, ,Mega Leks (Serbia)/France,France,
Trey,Lyles,"Lyles, Trey",1626168,1610612759,41,True,F,6,9,2.06,234,106.1,1995-11-05,2015,4,Kentucky,Kentucky/USA,USA,
Ian,Mahinmi,"Mahinmi, Ian",101133,1610612764,28,True,C,6,11,2.11,262,118.8,1986-11-05,2007,11, ,Pau Orthez/France,France,
Thon,Maker,"Maker, Thon",1627748,1610612765,7,True,F-C,7,0,2.13,221,100.2,1997-02-25,2016,3, ,Athlete Institute Prep/South Sudan,South Sudan,
Terance,Mann,"Mann, Terance",1629611,1610612746,14,True,G-F,6,5,1.96,215,97.5,1996-10-18,2019,0,Florida State,Florida State University/USA,USA,
Boban,Marjanovic,"Marjanovic, Boban",1626246,1610612742,51,True,C,7,4,2.24,290,131.5,1988-08-15,2015,4, ,Crvena zvezda/Serbia,Serbia,
Lauri,Markkanen,"Markkanen, Lauri",1628374,1610612741,24,True,F-C,7,0,2.13,240,108.9,1997-05-22,2017,2,Arizona,Arizona/Finland,Finland,
Caleb,Martin,"Martin, Caleb",1628997,1610612766,10,True,F,6,5,1.96,205,93.0,1995-09-28,2019,0,Nevada-Reno,"University of Nevada, Reno/USA",USA,
Cody,Martin,"Martin, Cody",1628998,1610612766,11,True,F,6,5,1.96,205,93.0,1995-09-28,2019,0,Nevada-Reno,Nevada-Reno/USA,USA,
Jeremiah,Martin,"Martin, Jeremiah",1629725,1610612751,0,True,G,6,2,1.88,185,83.9,1996-06-19,2019,0,Memphis,Memphis/USA,USA,
Kelan,Martin,"Martin, Kelan",1629103,1610612750,30,True,F,6,5,1.96,230,104.3,1995-08-03,2019,0,Butler,Butler University/USA,USA,
Frank,Mason,"Mason, Frank",1628412,1610612749,15,True,G,5,11,1.8,190,86.2,1994-04-03,2017,2,Kansas,Kansas/USA,USA,
Garrison,Mathews,"Mathews, Garrison",1629726,1610612764,24,True,G,6,5,1.96,215,97.5,1996-10-24,2019,0,Lipscomb,Lipscomb/USA,USA,
Wesley,Matthews,"Matthews, Wesley",202083,1610612749,9,True,G,6,4,1.93,220,99.8,1986-10-14,2009,10,Marquette,Marquette/USA,USA,
Patrick,McCaw,"McCaw, Patrick",1627775,1610612761,22,True,G,6,7,2.01,181,82.1,1995-10-25,2016,3,UNLV,Nevada-Las Vegas/USA,USA,
CJ,McCollum,"McCollum, CJ",203468,1610612757,3,True,G,6,3,1.9,190,86.2,1991-09-19,2013,6,Lehigh,Lehigh/USA,USA,
T.J.,McConnell,"McConnell, T.J.",204456,1610612754,9,True,G,6,1,1.85,190,86.2,1992-03-25,2015,4,Arizona,Arizona/USA,USA,
Jalen,McDaniels,"McDaniels, Jalen",1629667,1610612766,6,True,F-C,6,10,2.08,205,93.0,1998-01-31,2019,0,San Diego State,San Diego State/USA,USA,
Doug,McDermott,"McDermott, Doug",203926,1610612754,20,True,F,6,7,2.01,225,102.1,1992-01-03,2014,5,Creighton,Creighton/USA,USA,
JaVale,McGee,"McGee, JaVale",201580,1610612747,7,True,C-F,7,0,2.13,270,122.5,1988-01-19,2008,11,Nevada-Reno,Nevada-Reno/USA,USA,
Rodney,McGruder,"McGruder, Rodney",203585,1610612746,19,True,G,6,4,1.93,205,93.0,1991-07-29,2016,3,Kansas State,Kansas State/USA,USA,
Alfonzo,McKinnie,"McKinnie, Alfonzo",1628035,1610612739,28,True,F,6,7,2.01,215,97.5,1992-09-17,2017,2,Wisc.-Green Bay,Wisc.-Green Bay/USA,USA,
Jordan,McLaughlin,"McLaughlin, Jordan",1629162,1610612750,6,True,G,5,11,1.8,185,83.9,1996-04-09,2019,0,USC,USC/USA,USA,
Ben,McLemore,"McLemore, Ben",203463,1610612745,16,True,G,6,3,1.9,195,88.5,1993-02-11,2013,6,Kansas,Kansas/USA,USA,
Jordan,McRae,"McRae, Jordan",203895,1610612765,52,True,G,6,5,1.96,179,81.2,1991-03-28,2015,3,Tennessee,Tennessee/USA,USA,
Nicolo,Melli,"Melli, Nicolo",1629740,1610612740,20,True,F,6,9,2.06,236,107.0,1991-01-26,2019,0, ,Fenerbahce (Turkey)/Italy,Italy,
De'Anthony,Melton,"Melton, De'Anthony",1629001,1610612763,0,True,G,6,2,1.88,200,90.7,1998-05-28,2018,1,USC,Southern California/USA,USA,
Chimezie,Metu,"Metu, Chimezie",1629002,1610612759,7,True,F-C,6,9,2.06,225,102.1,1997-03-22,2018,1,USC,USC/USA,USA,
Khris,Middleton,"Middleton, Khris",203114,1610612749,22,True,F,6,7,2.01,222,100.7,1991-08-12,2012,7,Texas A&M,Texas A&M/USA,USA,
Darius,Miller,"Miller, Darius",203121,1610612740,21,True,F,6,6,1.98,225,102.1,1990-03-21,2012,5,Kentucky,Kentucky/USA,USA,
Malcolm,Miller,"Miller, Malcolm",1626259,1610612761,13,True,G-F,6,7,2.01,210,95.3,1993-03-06,2017,2,Holy Cross,Holy Cross/USA,USA,
Patty,Mills,"Mills, Patty",201988,1610612759,8,True,G,6,1,1.85,180,81.6,1988-08-11,2009,10,St. Mary's (CA),St. Mary's (CA)/Australia,Australia,
Paul,Millsap,"Millsap, Paul",200794,1610612743,4,True,F,6,7,2.01,257,116.6,1985-02-10,2006,13,Louisiana Tech,Louisiana Tech/USA,USA,
Shake,Milton,"Milton, Shake",1629003,1610612755,18,True,G-F,6,5,1.96,205,93.0,1996-09-26,2018,1,Southern Methodist,Southern Methodist University/USA,USA,
Donovan,Mitchell,"Mitchell, Donovan",1628378,1610612762,45,True,G,6,1,1.85,215,97.5,1996-09-07,2017,2,Louisville,Louisville/USA,USA,
Naz,Mitrou-Long,"Mitrou-Long, Naz",1628513,1610612754,15,True,G,6,3,1.9,218,98.9,1993-08-03,2017,2,Iowa State,Iowa State/Canada,Canada,
Adam,Mokoka,"Mokoka, Adam",1629690,1610612741,20,True,G,6,5,1.96,190,86.2,1998-07-18,2019,0, ,Mega Basket (Serbia)/France,France,
Malik,Monk,"Monk, Malik",1628370,1610612766,1,True,G,6,3,1.9,200,90.7,1998-02-04,2017,2,Kentucky,Kentucky/USA,USA,
Matt,Mooney,"Mooney, Matt",1629760,1610612739,31,True,G,6,2,1.88,199,90.3,1997-02-07,2019,0,Texas Tech,Texas Tech/USA,USA,
E'Twaun,Moore,"Moore, E'Twaun",202734,1610612740,55,True,G,6,3,1.9,191,86.6,1989-02-25,2011,8,Purdue,Purdue/USA,USA,
Ja,Morant,"Morant, Ja",1629630,1610612763,12,True,G,6,3,1.9,174,78.9,1999-08-10,2019,0,Murray State,Murray State University/USA,USA,
Juwan,Morgan,"Morgan, Juwan",1629752,1610612762,16,True,F,6,7,2.01,232,105.2,1997-04-17,2019,0,Indiana,Indiana/USA,USA,
Markieff,Morris,"Morris, Markieff",202693,1610612747,88,True,F,6,8,2.03,245,111.1,1989-09-02,2011,8,Kansas,Kansas/USA,USA,
Monte,Morris,"Morris, Monte",1628420,1610612743,11,True,G,6,2,1.88,183,83.0,1995-06-27,2017,2,Iowa State,Iowa State/USA,USA,
Marcus,Morris Sr.,"Morris Sr., Marcus",202694,1610612746,31,True,F,6,8,2.03,218,98.9,1989-09-02,2011,8,Kansas,Kansas/USA,USA,
Johnathan,Motley,"Motley, Johnathan",1628405,1610612746,15,True,F,6,8,2.03,230,104.3,1995-05-04,2017,2,Baylor,Baylor/USA,USA,
Emmanuel,Mudiay,"Mudiay, Emmanuel",1626144,1610612762,15,True,G,6,3,1.9,200,90.7,1996-03-05,2015,4, ,Guangdong/DRC,Democratic Republic of the Congo,
Mychal,Mulder,"Mulder, Mychal",1628539,1610612744,12,True,G,6,3,1.9,184,83.5,1994-06-12,2019,0,Kentucky,Kentucky/USA,Canada,
Dejounte,Murray,"Murray, Dejounte",1627749,1610612759,5,True,G,6,4,1.93,180,81.6,1996-09-19,2016,2,Washington,Washington/USA,USA,
Jamal,Murray,"Murray, Jamal",1627750,1610612743,27,True,G,6,4,1.93,215,97.5,1997-02-23,2016,3,Kentucky,Kentucky/Canada,Canada,
Dzanan,Musa,"Musa, Dzanan",1629058,1610612751,13,True,G-F,6,9,2.06,217,98.4,1999-05-08,2018,1, ,Cedevita (Croatia)/Bosnia and Herzegovina,Bosnia and Herzegovina,
Mike,Muscala,"Muscala, Mike",203488,1610612760,33,True,F-C,6,10,2.08,240,108.9,1991-07-01,2013,6,Bucknell,Bucknell/USA,USA,
Svi,Mykhailiuk,"Mykhailiuk, Svi",1629004,1610612765,19,True,G-F,6,7,2.01,205,93.0,1997-06-10,2018,1,Kansas,University of Kansas/Ukraine,Ukraine,
Abdel,Nader,"Nader, Abdel",1627846,1610612760,11,True,F,6,5,1.96,225,102.1,1993-09-25,2017,2,Iowa State,Iowa State/Egypt,Egypt,
Larry,Nance Jr.,"Nance Jr., Larry",1626204,1610612739,22,True,F-C,6,7,2.01,245,111.1,1993-01-01,2015,4,Wyoming,Wyoming/USA,USA,
Shabazz,Napier,"Napier, Shabazz",203894,1610612764,5,True,G,6,0,1.83,175,79.4,1991-07-14,2014,5,Connecticut,Connecticut/USA,USA,
Raul,Neto,"Neto, Raul",203526,1610612755,19,True,G,6,1,1.85,180,81.6,1992-05-19,2015,4, ,Murcia (Spain)/Brazil,Brazil,
Georges,Niang,"Niang, Georges",1627777,1610612762,31,True,F,6,7,2.01,230,104.3,1993-06-17,2016,3,Iowa State,Iowa State/USA,USA,
Joakim,Noah,"Noah, Joakim",201149,1610612746,55,True,F-C,6,11,2.11,232,105.2,1985-02-25,2007,12,Florida,Florida/USA,USA,
Nerlens,Noel,"Noel, Nerlens",203457,1610612760,9,True,C-F,6,10,2.08,220,99.8,1994-04-10,2014,5,Kentucky,Kentucky/USA,USA,
Jaylen,Nowell,"Nowell, Jaylen",1629669,1610612750,4,True,G,6,4,1.93,201,91.2,1999-07-09,2019,0,Washington,Washington/USA,USA,
Frank,Ntilikina,"Ntilikina, Frank",1628373,1610612752,11,True,G,6,4,1.93,200,90.7,1998-07-28,2017,2, ,Strasbourg IG/France,France,
Kendrick,Nunn,"Nunn, Kendrick",1629134,1610612748,25,True,G,6,2,1.88,190,86.2,1995-08-03,2019,0,Oakland,Oakland University (MI)/USA,USA,
Jusuf,Nurkic,"Nurkic, Jusuf",203994,1610612757,27,True,C,7,0,2.13,290,131.5,1994-08-23,2014,5, ,Cedevita Zagreb (Croatia)/Bosnia and Herzegovina,Bosnia and Herzegovina,
David,Nwaba,"Nwaba, David",1628021,1610612745,0,True,G-F,6,5,1.96,219,99.3,1993-01-14,2016,3,Cal Poly-Obispo,Cal Poly-Obispo/USA,USA,
Royce,O'Neale,"O'Neale, Royce",1626220,1610612762,23,True,F,6,4,1.93,226,102.5,1993-06-05,2017,2,Baylor,Baylor/USA,USA,
Kyle,O'Quinn,"O'Quinn, Kyle",203124,1610612755,9,True,C-F,6,9,2.06,250,113.4,1990-03-26,2012,7,Norfolk State,Norfolk State/USA,USA,
Semi,Ojeleye,"Ojeleye, Semi",1628400,1610612738,37,True,F,6,6,1.98,240,108.9,1994-12-05,2017,2,Southern Methodist,Southern Methodist/USA,USA,
Jahlil,Okafor,"Okafor, Jahlil",1626143,1610612740,9,True,C-F,6,10,2.08,270,122.5,1995-12-15,2015,4,Duke,Duke/USA,USA,
Elie,Okobo,"Okobo, Elie",1629059,1610612756,2,True,F-G,6,3,1.9,190,86.2,1997-10-23,2018,1, ,Elan Bearnais/France,France,
Josh,Okogie,"Okogie, Josh",1629006,1610612750,20,True,G,6,4,1.93,213,96.6,1998-09-01,2018,1,Georgia Institute of Technology,Georgia Institute of Technology/Nigeria,Nigeria,
KZ,Okpala,"Okpala, KZ",1629644,1610612748,4,True,F-G,6,8,2.03,215,97.5,1999-04-28,2019,0,Stanford,Stanford University/USA,USA,
Victor,Oladipo,"Oladipo, Victor",203506,1610612754,4,True,G,6,4,1.93,213,96.6,1992-05-04,2013,6,Indiana,Indiana/USA,USA,
Kelly,Olynyk,"Olynyk, Kelly",203482,1610612748,9,True,F-C,6,11,2.11,240,108.9,1991-04-19,2013,6,Gonzaga,Gonzaga/Canada,Canada,
Miye,Oni,"Oni, Miye",1629671,1610612762,81,True,G-F,6,5,1.96,206,93.4,1997-08-04,2019,0,Yale,Yale University/USA,USA,
Cedi,Osman,"Osman, Cedi",1626224,1610612739,16,True,F,6,7,2.01,230,104.3,1995-04-08,2017,2, ,Anadolu Efes/Turkey,Turkey,
Kelly,Oubre Jr.,"Oubre Jr., Kelly",1626162,1610612756,3,True,F-G,6,7,2.01,203,92.1,1995-12-09,2015,4,Kansas,Kansas/USA,USA,
Tariq,Owens,"Owens, Tariq",1629745,1610612756,41,True,F,6,10,2.08,205,93.0,1995-06-30,2019,0,Texas Tech,Texas Tech/USA,USA,
Jabari,Parker,"Parker, Jabari",203953,1610612758,33,True,F,6,8,2.03,245,111.1,1995-03-15,2014,5,Duke,Duke/USA,USA,
Eric,Paschall,"Paschall, Eric",1629672,1610612744,7,True,F,6,6,1.98,255,115.7,1996-11-04,2019,0,Villanova,Villanova University/USA,USA,
Anzejs,Pasecniks,"Pasecniks, Anzejs",1628394,1610612764,18,True,C-F,7,2,2.18,229,103.9,1995-12-20,2019,0, ,Gran Canaria (Spain)/Latvia,Latvia,
Patrick,Patterson,"Patterson, Patrick",202335,1610612746,54,True,F,6,8,2.03,235,106.6,1989-03-14,2010,9,Kentucky,Kentucky/USA,USA,
Justin,Patton,"Patton, Justin",1628383,1610612765,13,True,C,6,11,2.11,241,109.3,1997-06-14,2017,2,Creighton,Creighton/USA,USA,
Chris,Paul,"Paul, Chris",101108,1610612760,3,True,G,6,1,1.85,175,79.4,1985-05-06,2005,14,Wake Forest,Wake Forest/USA,USA,
Cameron,Payne,"Payne, Cameron",1626166,1610612756,1,True,G,6,1,1.85,183,83.0,1994-08-08,2015,4,Murray State,Murray State/USA,USA,
Elfrid,Payton,"Payton, Elfrid",203901,1610612752,6,True,G,6,3,1.9,195,88.5,1994-02-22,2014,5,Louisana-Lafayette,Louisiana-Lafayette/USA,USA,
Gary,Payton II,"Payton II, Gary",1627780,1610612764,20,True,G,6,3,1.9,195,88.5,1992-12-01,2016,3,Oregon State,Oregon State/USA,USA,
Norvel,Pelle,"Pelle, Norvel",203658,1610612755,14,True,F,6,10,2.08,231,104.8,1993-02-03,2019,0,Iona,Iona/USA,USA,
Theo,Pinson,"Pinson, Theo",1629033,1610612752,1,True,G-F,6,5,1.96,212,96.2,1995-11-05,2018,1,North Carolina,North Carolina/USA,USA,
Mason,Plumlee,"Plumlee, Mason",203486,1610612743,7,True,F-C,6,11,2.11,254,115.2,1990-03-05,2013,6,Duke,Duke/USA,USA,
Jakob,Poeltl,"Poeltl, Jakob",1627751,1610612759,25,True,C,7,1,2.16,245,111.1,1995-10-15,2016,3,Utah,Utah/Austria,Austria,
Vincent,Poirier,"Poirier, Vincent",1629738,1610612738,77,True,C-F,7,0,2.13,235,106.6,1993-10-17,2019,0, ,Baskonia (Spain)/France,France,
Jordan,Poole,"Poole, Jordan",1629673,1610612744,3,True,G,6,4,1.93,194,88.0,1999-06-19,2019,0,Michigan,University of Michigan/USA,USA,
Jontay,Porter,"Porter, Jontay",1629007,1610612763,,True,C-F,6,11,2.11,240,108.9,1999-11-15,,0,Missouri, USA/USA,USA,
Kevin,Porter Jr.,"Porter Jr., Kevin",1629645,1610612739,4,True,G-F,6,4,1.93,203,92.1,2000-05-04,2019,0,USC,University of Southern California/USA,USA,
Michael,Porter Jr.,"Porter Jr., Michael",1629008,1610612743,1,True,F,6,10,2.08,218,98.9,1998-06-29,2019,0,Missouri,University of Missouri/USA,USA,
Otto,Porter Jr.,"Porter Jr., Otto",203490,1610612741,22,True,F,6,8,2.03,198,89.8,1993-06-03,2013,6,Georgetown,Georgetown/USA,USA,
Bobby,Portis,"Portis, Bobby",1626171,1610612752,1,True,F,6,10,2.08,250,113.4,1995-02-10,2015,4,Arkansas,Arkansas/USA,USA,
Kristaps,Porzingis,"Porzingis, Kristaps",204001,1610612742,6,True,F-C,7,3,2.21,240,108.9,1995-08-02,2015,3, ,Cajasol Sevilla/Latvia,Latvia,
Dwight,Powell,"Powell, Dwight",203939,1610612742,7,True,F-C,6,10,2.08,240,108.9,1991-07-20,2014,5,Stanford,Stanford/Canada,Canada,
Norman,Powell,"Powell, Norman",1626181,1610612761,24,True,G,6,3,1.9,215,97.5,1993-05-25,2015,4,UCLA,UCLA/USA,USA,
Taurean,Prince,"Prince, Taurean",1627752,1610612751,2,True,F,6,7,2.01,218,98.9,1994-03-22,2016,3,Baylor,Baylor/USA,USA,
Julius,Randle,"Randle, Julius",203944,1610612752,30,True,F-C,6,8,2.03,250,113.4,1994-11-29,2014,5,Kentucky,Kentucky/USA,USA,
Josh,Reaves,"Reaves, Josh",1629729,1610612742,23,True,G-F,6,4,1.93,214,97.1,1997-06-04,2019,0,Penn State,Penn State/USA,USA,
Cam,Reddish,"Reddish, Cam",1629629,1610612737,22,True,F-G,6,8,2.03,218,98.9,1999-09-01,2019,0,Duke,Duke University/USA,USA,
JJ,Redick,"Redick, JJ",200755,1610612740,4,True,G,6,3,1.9,200,90.7,1984-06-24,2006,13,Duke,Duke/USA,USA,
Naz,Reid,"Reid, Naz",1629675,1610612750,11,True,C-F,6,9,2.06,264,119.8,1999-08-26,2019,0,Louisiana State,Louisiana State University/USA,USA,
Cameron,Reynolds,"Reynolds, Cameron",1629244,1610612749,13,True,G-F,6,7,2.01,225,102.1,1995-02-07,2018,1,Tulane,Tulane University/USA,USA,
Josh,Richardson,"Richardson, Josh",1626196,1610612755,0,True,G,6,5,1.96,200,90.7,1993-09-15,2015,4,Tennessee,Tennessee/USA,USA,
Austin,Rivers,"Rivers, Austin",203085,1610612745,25,True,G,6,3,1.9,200,90.7,1992-08-01,2012,7,Duke,Duke/USA,USA,
Andre,Roberson,"Roberson, Andre",203460,1610612760,21,True,G-F,6,7,2.01,210,95.3,1991-12-04,2013,5,Colorado,Colorado/USA,USA,
Duncan,Robinson,"Robinson, Duncan",1629130,1610612748,55,True,F,6,7,2.01,215,97.5,1994-04-22,2018,1,Michigan,Michigan/USA,USA,
Jerome,Robinson,"Robinson, Jerome",1629010,1610612764,12,True,G,6,4,1.93,190,86.2,1997-02-22,2018,1,Boston College,Boston College/USA,USA,
Mitchell,Robinson,"Robinson, Mitchell",1629011,1610612752,23,True,C-F,7,0,2.13,240,108.9,1998-04-01,2018,1,Western Kentucky,Western Kentucky University/USA,USA,
Glenn,Robinson III,"Robinson III, Glenn",203922,1610612755,22,True,F,6,6,1.98,222,100.7,1994-01-08,2014,5,Michigan,Michigan/USA,USA,
Isaiah,Roby,"Roby, Isaiah",1629676,1610612760,22,True,F,6,8,2.03,230,104.3,1998-02-03,2019,0,University of Nebraska-Lincoln,University of Nebraska?Lincoln/USA,USA,
Rajon,Rondo,"Rondo, Rajon",200765,1610612747,9,True,G,6,1,1.85,180,81.6,1986-02-22,2006,13,Kentucky,Kentucky/USA,USA,
Derrick,Rose,"Rose, Derrick",201565,1610612765,25,True,G,6,2,1.88,200,90.7,1988-10-04,2008,10,Memphis,Memphis/USA,USA,
Terrence,Ross,"Ross, Terrence",203082,1610612753,31,True,G-F,6,6,1.98,206,93.4,1991-02-05,2012,7,Washington,Washington/USA,USA,
Terry,Rozier,"Rozier, Terry",1626179,1610612766,3,True,G,6,1,1.85,190,86.2,1994-03-17,2015,4,Louisville,Louisville/USA,USA,
Ricky,Rubio,"Rubio, Ricky",201937,1610612756,11,True,G,6,3,1.9,190,86.2,1990-10-21,2011,8, ,FC Barcelona/Spain,Spain,
D'Angelo,Russell,"Russell, D'Angelo",1626156,1610612750,0,True,G,6,4,1.93,193,87.5,1996-02-23,2015,4,Ohio State,Ohio State/USA,USA,
Domantas,Sabonis,"Sabonis, Domantas",1627734,1610612754,11,True,F-C,6,11,2.11,240,108.9,1996-05-03,2016,3,Gonzaga,Gonzaga/Lithuania,Lithuania,
Luka,Samanic,"Samanic, Luka",1629677,1610612759,19,True,F,6,10,2.08,227,103.0,2000-01-09,2019,0, ,Union Olimpija (Slovenia)/Croatia,Croatia,
JaKarr,Sampson,"Sampson, JaKarr",203960,1610612754,14,True,F,6,7,2.01,214,97.1,1993-03-20,2014,4,"St. John's, N.Y.",St. John's (NY)/USA,USA,
Dario,Saric,"Saric, Dario",203967,1610612756,20,True,F,6,10,2.08,225,102.1,1994-04-08,2016,3, ,Anadolu Efes (Turkey)/Croatia,Croatia,
Tomas,Satoransky,"Satoransky, Tomas",203107,1610612741,31,True,G,6,7,2.01,210,95.3,1991-10-30,2016,3, ,FC Barcelona (Spain)/Czech Republic,Czech Republic,
Admiral,Schofield,"Schofield, Admiral",1629678,1610612764,1,True,G-F,6,5,1.96,241,109.3,1997-03-30,2019,0,Tennessee,Tennessee/United Kingdom,United Kingdom,
Dennis,Schroder,"Schroder, Dennis",203471,1610612760,17,True,G,6,1,1.85,172,78.0,1993-09-15,2013,6, ,Germany,Germany,
Mike,Scott,"Scott, Mike",203118,1610612755,1,True,F,6,7,2.01,237,107.5,1988-07-16,2012,7,Virginia,Virginia/USA,USA,
Thabo,Sefolosha,"Sefolosha, Thabo",200757,1610612745,18,True,F-G,6,6,1.98,215,97.5,1984-05-02,2006,13, ,Angelico Biella/Switzerland,Switzerland,
Collin,Sexton,"Sexton, Collin",1629012,1610612739,2,True,G,6,1,1.85,190,86.2,1999-01-04,2018,1,Alabama,University of Alabama/USA,USA,
Landry,Shamet,"Shamet, Landry",1629013,1610612746,20,True,G,6,4,1.93,190,86.2,1997-03-13,2018,1,Wichita State,Wichita State University/USA,USA,
Marial,Shayok,"Shayok, Marial",1629621,1610612755,35,True,G-F,6,5,1.96,198,89.8,1995-07-26,2019,0,Iowa State,Iowa State/Canada,Canada,
Pascal,Siakam,"Siakam, Pascal",1627783,1610612761,43,True,F,6,9,2.06,230,104.3,1994-04-02,2016,3,New Mexico State,New Mexico State/Cameroon,Cameroon,
Chris,Silva,"Silva, Chris",1629735,1610612748,30,True,F,6,8,2.03,234,106.1,1996-09-19,2019,0,South Carolina,South Carolina/Gabon,Gabon,
Ben,Simmons,"Simmons, Ben",1627732,1610612755,25,True,G-F,6,10,2.08,240,108.9,1996-07-20,2017,2,Louisiana State,Louisiana State/Australia,Australia,
Kobi,Simmons,"Simmons, Kobi",1628424,1610612766,23,True,G,6,5,1.96,180,81.6,1997-07-04,2017,2,Arizona,Arizona/USA,USA,
Anfernee,Simons,"Simons, Anfernee",1629014,1610612757,1,True,G,6,3,1.9,181,82.1,1999-06-08,2018,1, ,Edgewater HS (FL)/USA,USA,
Alen,Smailagic,"Smailagic, Alen",1629346,1610612744,6,True,F,6,10,2.08,215,97.5,2000-08-18,2019,0, ,Beko/Serbia,Serbia,
Marcus,Smart,"Smart, Marcus",203935,1610612738,36,True,G,6,3,1.9,220,99.8,1994-03-06,2014,5,Oklahoma State,Oklahoma State/USA,USA,
Ish,Smith,"Smith, Ish",202397,1610612764,14,True,G,6,0,1.83,175,79.4,1988-07-05,2010,9,Wake Forest,Wake Forest/USA,USA,
JR,Smith,"Smith, JR",2747,1610612747,21,True,G,6,6,1.98,220,99.8,1985-09-09,2004,15,No College,"St. Benedict's Prep (Newark, NJ)/USA",USA,
Zhaire,Smith,"Smith, Zhaire",1629015,1610612755,5,True,G,6,3,1.9,205,93.0,1999-06-04,2018,1,Texas Tech,Texas Tech University/USA,USA,
Dennis,Smith Jr.,"Smith Jr., Dennis",1628372,1610612752,5,True,G,6,2,1.88,205,93.0,1997-11-25,2017,2,North Carolina State,North Carolina State/USA,USA,
Tony,Snell,"Snell, Tony",203503,1610612765,17,True,G,6,6,1.98,213,96.6,1991-11-10,2013,6, ,New Mexico/USA,USA,
Ray,Spalding,"Spalding, Ray",1629034,1610612766,26,True,F,6,9,2.06,225,102.1,1997-03-11,2018,1,Louisville,Louisville/USA,USA,
Omari,Spellman,"Spellman, Omari",1629016,1610612750,14,True,F,6,8,2.03,245,111.1,1997-07-21,2018,1,Villanova,Villanova University/USA,USA,
Max,Strus,"Strus, Max",1629622,1610612741,28,True,G-F,6,5,1.96,215,97.5,1996-03-28,2019,0,DePaul,DePaul University/USA,USA,
Edmond,Sumner,"Sumner, Edmond",1628410,1610612754,5,True,G,6,4,1.93,196,88.9,1995-12-31,2017,2,Xavier,Xavier/USA,USA,
Caleb,Swanigan,"Swanigan, Caleb",1628403,1610612757,50,True,F,6,9,2.06,260,117.9,1997-04-18,2017,2,Purdue,Purdue/USA,USA,
Jayson,Tatum,"Tatum, Jayson",1628369,1610612738,0,True,F-G,6,8,2.03,210,95.3,1998-03-03,2017,2,Duke,Duke/USA,USA,
Jeff,Teague,"Teague, Jeff",201952,1610612737,00,True,G,6,3,1.9,195,88.5,1988-06-10,2009,10,Wake Forest,Wake Forest/USA,USA,
Garrett,Temple,"Temple, Garrett",202066,1610612751,17,True,G-F,6,5,1.96,195,88.5,1986-05-08,2009,9,Louisiana State,Louisiana State/USA,USA,
Daniel,Theis,"Theis, Daniel",1628464,1610612738,27,True,F-C,6,8,2.03,245,111.1,1992-04-04,2017,2, ,Brose Bamberg/Germany,Germany,
Khyri,Thomas,"Thomas, Khyri",1629017,1610612765,13,True,G,6,3,1.9,210,95.3,1996-05-08,2018,1,Creighton,Creighton University/USA,USA,
Matt,Thomas,"Thomas, Matt",1629744,1610612761,21,True,G,6,4,1.93,190,86.2,1994-08-04,2019,0,Iowa State,Iowa State/USA,USA,
Klay,Thompson,"Thompson, Klay",202691,1610612744,11,True,G,6,6,1.98,215,97.5,1990-02-08,2011,8,Washington State,Washington State/USA,USA,
Tristan,Thompson,"Thompson, Tristan",202684,1610612739,13,True,C-F,6,9,2.06,254,115.2,1991-03-13,2011,8,Texas,Texas/Canada,Canada,
Sindarius,Thornwell,"Thornwell, Sindarius",1628414,1610612740,3,True,G,6,4,1.93,215,97.5,1994-11-15,2017,2,South Carolina,South Carolina/USA,USA,
Matisse,Thybulle,"Thybulle, Matisse",1629680,1610612755,22,True,G-F,6,5,1.96,201,91.2,1997-03-04,2019,0,Washington,University of Washington/USA,USA,
Anthony,Tolliver,"Tolliver, Anthony",201229,1610612763,44,True,F,6,8,2.03,240,108.9,1985-06-01,2008,11,Creighton,Creighton/USA,USA,
Juan,Toscano-Anderson,"Toscano-Anderson, Juan",1629308,1610612744,95,True,F,6,6,1.98,209,94.8,1993-04-10,2019,0,Marquette,Marquette/USA,USA,
Karl-Anthony,Towns,"Towns, Karl-Anthony",1626157,1610612750,32,True,C-F,6,11,2.11,248,112.5,1995-11-15,2015,4,Kentucky,Kentucky/USA,USA,
Gary,Trent Jr.,"Trent Jr., Gary",1629018,1610612757,2,True,G-F,6,5,1.96,209,94.8,1999-01-18,2018,1,Duke,Duke University/USA,USA,
P.J.,Tucker,"Tucker, P.J.",200782,1610612745,17,True,F,6,5,1.96,245,111.1,1985-05-05,2006,8,Texas,Texas/USA,USA,
Rayjon,Tucker,"Tucker, Rayjon",1629730,1610612762,6,True,G,6,3,1.9,209,94.8,1997-09-24,2019,0,Arkansas-Little Rock,Arkansas-Little Rock/USA,USA,
Evan,Turner,"Turner, Evan",202323,1610612750,1,True,G-F,6,6,1.98,220,99.8,1988-10-27,2010,9,Ohio State,Ohio State/USA,USA,
Myles,Turner,"Turner, Myles",1626167,1610612754,33,True,C-F,6,11,2.11,250,113.4,1996-03-24,2015,4,Texas,Texas/USA,USA,
Jonas,Valanciunas,"Valanciunas, Jonas",202685,1610612763,17,True,C,6,11,2.11,265,120.2,1992-05-06,2012,7, ,Lietuvos rytas Vilnius/Lithuania,Lithuania,
Denzel,Valentine,"Valentine, Denzel",1627756,1610612741,45,True,G,6,4,1.93,220,99.8,1993-11-16,2016,2,Michigan State,Michigan State/USA,USA,
Jarred,Vanderbilt,"Vanderbilt, Jarred",1629020,1610612750,3,True,F,6,9,2.06,214,97.1,1999-04-03,2018,1,Kentucky,University of Kentucky/USA,USA,
Fred,VanVleet,"VanVleet, Fred",1627832,1610612761,23,True,G,6,1,1.85,197,89.4,1994-02-25,2016,3,Wichita State,Wichita State/USA,USA,
Gabe,Vincent,"Vincent, Gabe",1629216,1610612748,2,True,G,6,3,1.9,200,90.7,1996-06-14,2019,0,Cal-Santa Barbara,UC Santa Barbara/USA,USA,
Noah,Vonleh,"Vonleh, Noah",203943,1610612743,32,True,F,6,10,2.08,257,116.6,1995-08-24,2014,5,Indiana,Indiana/USA,USA,
Nikola,Vucevic,"Vucevic, Nikola",202696,1610612753,9,True,C,6,11,2.11,260,117.9,1990-10-24,2011,8,USC,USC/Montenegro,Montenegro,
Dean,Wade,"Wade, Dean",1629731,1610612739,32,True,F-C,6,9,2.06,228,103.4,1996-11-20,2019,0,Kansas State,Kansas State/USA,USA,
Moritz,Wagner,"Wagner, Moritz",1629021,1610612764,21,True,F-C,6,11,2.11,245,111.1,1997-04-26,2018,1,Michigan,University of Michigan/Germany,Germany,
Dion,Waiters,"Waiters, Dion",203079,1610612747,18,True,G,6,3,1.9,210,95.3,1991-12-10,2012,7,Syracuse,Syracuse/USA,USA,
Kemba,Walker,"Walker, Kemba",202689,1610612738,8,True,G,6,0,1.83,184,83.5,1990-05-08,2011,8,Connecticut,Connecticut/USA,USA,
Lonnie,Walker IV,"Walker IV, Lonnie",1629022,1610612759,1,True,G-F,6,5,1.96,204,92.5,1998-12-14,2018,1,Miami,University of Miami/USA,USA,
John,Wall,"Wall, John",202322,1610612764,2,True,G,6,4,1.93,210,95.3,1990-09-06,2010,9,Kentucky,Kentucky/USA,USA,
Brad,Wanamaker,"Wanamaker, Brad",202954,1610612738,9,True,G,6,3,1.9,210,95.3,1989-07-25,2018,1,Pittsburgh,Pittsburgh/USA,USA,
T.J.,Warren,"Warren, T.J.",203933,1610612754,1,True,F,6,8,2.03,220,99.8,1993-09-05,2014,5,North Carolina State,North Carolina State/USA,USA,
P.J.,Washington,"Washington, P.J.",1629023,1610612766,25,True,F,6,7,2.01,230,104.3,1998-08-23,2019,0,Kentucky,University of Kentucky/USA,USA,
Yuta,Watanabe,"Watanabe, Yuta",1629139,1610612763,18,True,G-F,6,8,2.03,215,97.5,1994-10-13,2018,1,George Washington,George Washington/Japan,Japan,
Tremont,Waters,"Waters, Tremont",1629682,1610612738,51,True,G,5,10,1.78,175,79.4,1998-01-10,2019,0,Louisiana State,Louisiana State/USA,USA,
Paul,Watson,"Watson, Paul",1628778,1610612761,1,True,G,6,6,1.98,210,95.3,1994-12-30,2019,0,Fresno State,Fresno State/USA,USA,
Quinndary,Weatherspoon,"Weatherspoon, Quinndary",1629683,1610612759,15,True,G,6,3,1.9,205,93.0,1996-09-10,2019,0,Mississippi State,Mississippi State University/USA,USA,
Russell,Westbrook,"Westbrook, Russell",201566,1610612745,0,True,G,6,3,1.9,200,90.7,1988-11-12,2008,11,UCLA,UCLA/USA,USA,
Coby,White,"White, Coby",1629632,1610612741,0,True,G,6,4,1.93,195,88.5,2000-02-16,2019,0,North Carolina,University of North Carolina/USA,USA,
Derrick,White,"White, Derrick",1628401,1610612759,4,True,G,6,4,1.93,190,86.2,1994-07-02,2017,2,Colorado,Colorado/USA,USA,
Hassan,Whiteside,"Whiteside, Hassan",202355,1610612757,21,True,C,7,0,2.13,265,120.2,1989-06-13,2010,7,Marshall,Marshall/USA,USA,
Andrew,Wiggins,"Wiggins, Andrew",203952,1610612744,22,True,F,6,7,2.01,197,89.4,1995-02-23,2014,5,Kansas,Kansas/Canada,Canada,
Grant,Williams,"Williams, Grant",1629684,1610612738,12,True,F,6,6,1.98,236,107.0,1998-11-30,2019,0,Tennessee,University of Tennessee/USA,USA,
Johnathan,Williams,"Williams, Johnathan",1629140,1610612764,19,True,F,6,9,2.06,228,103.4,1995-05-22,2018,1,Gonzaga,Gonzaga/USA,USA,
Kenrich,Williams,"Williams, Kenrich",1629026,1610612740,34,True,G-F,6,6,1.98,210,95.3,1994-12-02,2018,1,Texas Christian,Texas Christian University/USA,USA,
Lou,Williams,"Williams, Lou",101150,1610612746,23,True,G,6,1,1.85,175,79.4,1986-10-27,2005,14,No College,"South Gwinnett HS (Snellville, GA)/USA",USA,
Marvin,Williams,"Williams, Marvin",101107,1610612749,20,True,F,6,8,2.03,237,107.5,1986-06-19,2005,14,North Carolina,North Carolina/USA,USA,
Nigel,Williams-Goss,"Williams-Goss, Nigel",1628430,1610612762,0,True,G,6,2,1.88,190,86.2,1994-09-16,2019,0,Gonzaga,Gonzaga/USA,USA,
Robert,Williams III,"Williams III, Robert",1629057,1610612738,44,True,C-F,6,8,2.03,237,107.5,1997-10-17,2018,1,Texas A&M,Texas A&M University/USA,USA,
Zion,Williamson,"Williamson, Zion",1629627,1610612740,1,True,F,6,6,1.98,284,128.8,2000-07-06,2019,0,Duke,Duke University/USA,USA,
D.J.,Wilson,"Wilson, D.J.",1628391,1610612749,5,True,F,6,10,2.08,231,104.8,1996-02-19,2017,2,Michigan,Michigan/USA,USA,
Dylan,Windler,"Windler, Dylan",1629685,1610612739,9,True,G-F,6,6,1.98,196,88.9,1996-09-22,,0,Belmont,Belmont University/USA,USA,
Justise,Winslow,"Winslow, Justise",1626159,1610612763,7,True,F-G,6,6,1.98,222,100.7,1996-03-26,2015,4,Duke,Duke/USA,USA,
Christian,Wood,"Wood, Christian",1626174,1610612765,35,True,F,6,10,2.08,214,97.1,1995-09-27,2015,3,UNLV,UNLV/USA,USA,
Kenny,Wooten,"Wooten, Kenny",1629624,1610612752,45,True,F,6,8,2.03,235,106.6,1998-04-17,,0,Oregon,University of Oregon/USA,USA,
Delon,Wright,"Wright, Delon",1626153,1610612742,55,True,G,6,5,1.96,185,83.9,1992-04-26,2015,4,Utah,Utah/USA,USA,
Justin,Wright-Foreman,"Wright-Foreman, Justin",1629625,1610612762,3,True,G,6,0,1.83,190,86.2,1997-10-27,2019,0,Hofstra,Hofstra University/USA,USA,
Thaddeus,Young,"Young, Thaddeus",201152,1610612741,21,True,F,6,8,2.03,235,106.6,1988-06-21,2007,12,Georgia Tech,Georgia Tech/USA,USA,
Trae,Young,"Young, Trae",1629027,1610612737,11,True,G,6,1,1.85,180,81.6,1998-09-19,2018,1,Oklahoma,University of Oklahoma/USA,USA,
Cody,Zeller,"Zeller, Cody",203469,1610612766,40,True,F-C,7,0,2.13,240,108.9,1992-10-05,2013,6,Indiana,Indiana/USA,USA,
Tyler,Zeller,"Zeller, Tyler",203092,1610612759,45,True,F-C,6,11,2.11,250,113.4,1990-01-17,2012,7,North Carolina,North Carolina/USA,USA,
Ante,Zizic,"Zizic, Ante",1627790,1610612739,41,True,C,6,10,2.08,266,120.7,1997-01-04,2017,2, ,Darussafaka (Turkey)/Croatia,Croatia,
Ivica,Zubac,"Zubac, Ivica",1627826,1610612746,40,True,C,7,0,2.13,240,108.9,1997-03-18,2016,3, ,Mega Leks/Croatia,Croatia,
